league_name,Avg_Home_odds,Avg_Away_odds,Difference
"Spain LIGA BBVA",1.287281,1.147139,0.140141
"Netherlands Eredivisie",1.256064,1.127496,0.128568
"Italy Serie A",1.305435,1.178809,0.126626
"Portugal Liga ZON Sagres",1.226508,1.152877,0.073631
"England Premier League",1.316482,1.251622,0.064860
"Belgium Jupiler League",1.262078,1.202802,0.059276
"France Ligue 1",1.302815,1.261290,0.041524
"Germany 1. Bundesliga",1.267935,1.281400,-0.013465
"Scotland Premier League",1.198736,1.302179,-0.103442
